puuid,leagueId,queueType,tier,rank,summonerId,leaguePoints,wins,losses,veteran,inactive,freshBlood,hotStreak,ratedTier,ratedRating
g9sU4vV4TPvmjP_6P5-FM0yyi98WhXYVUu_a1PE3Xty1t22wcVnH3Y040UaxC6GDf_bfNLTS4zrBdg,844f523b-88a5-3999-ac6e-4fefe349874c,RANKED_TFT,CHALLENGER,I,KAL0-h2-SOq-YcWu6IN5t9bf7mxrh4uckcnIJUAVYTSuzLQ,1409.0,169,79,True,False,False,True,,
YsCuSruj4VFi6h7OUzWrKKoufywKY9J16U5ZGoGrGWZFSGBYrSj03aLFXFykubGTEGiM6nVzpNJq1A,844f523b-88a5-3999-ac6e-4fefe349874c,RANKED_TFT,CHALLENGER,I,22zeRro_aHK72h2jRu3mtRAVDwbw666ZjILnq0Vvnck2dsk,1404.0,221,135,True,False,False,False,,
aLQyBvi0X3xEHq2fqvq4NgUx0fvGCVNlDkj3HQdJX0C3_JEPj_Hk7-B3pl6L33sPWvq30Tj8PRgtkg,844f523b-88a5-3999-ac6e-4fefe349874c,RANKED_TFT,CHALLENGER,I,GdrK6aQDaFyRbqWfkMEo2iDM7hzJY1_TtRAFN_HOKGYbaM2f2EosplCs4g,1323.0,147,77,False,False,False,False,,
MZspSFqlX250r9YwP8p_g98mjDWdnNCvUnDSvpKaRRPwjX9UU5hZokSaIHnjHwxuohHnLoxZhqCIFQ,844f523b-88a5-3999-ac6e-4fefe349874c,RANKED_TFT,CHALLENGER,I,a1efI9gzygMpDbGXa_k5sNzhRlJH1VIA-JSC6WN09xIPzDc,1171.0,179,106,True,False,False,False,,
N_o3BuSu6pmv8zHoLGhdbqeKXRKZmaEL-R-N4H-P3oa5kwzFkzMgoUJkyD2yMZbjA_kv067bt8BRUA,844f523b-88a5-3999-ac6e-4fefe349874c,RANKED_TFT,CHALLENGER,I,ZSYlCCagMPDPNaCsIT0JrFvOTvW-9T2p9-D-4CWPnRM4yUcos8FLpbFRGg,1122.0,175,96,False,False,True,False,,
Y9qjlXxU0KH3-Eme2QxRTKBwEzq7VsOQLb04U0jrUgNYrU_GAFfzK6FYjr3J8xeY9jC9vwYp6RfcJA,844f523b-88a5-3999-ac6e-4fefe349874c,RANKED_TFT,CHALLENGER,I,29PW1SaGXPOt3tZ11Zwewp24X9LwmQgQV0P3rpAKbhHNzA,1116.0,124,64,False,False,False,True,,
kY7Ju140zJFdQOU2HRNPNL2veCt2pFIZ89dyNSS7H2gUC0_H2yi7GuZSDX0z4Zh-fNpvD7pxTo1gJQ,844f523b-88a5-3999-ac6e-4fefe349874c,RANKED_TFT,CHALLENGER,I,n76wsNDgVwlECONmbDdz6ABjNHz3ZXTcwh3xrwFD0s5DlI0,1112.0,148,70,False,False,False,False,,
l1RmQwUHhOlcLejOliAw3_WbfPoWH4yEsgF3TjeYqN2M5m9Ua6vTKhSFTn6UQ8CTYuwnM3OS-e3B0A,844f523b-88a5-3999-ac6e-4fefe349874c,RANKED_TFT,CHALLENGER,I,P_KUydRyF218Js4AiBVk1JH121F_pELj4wDIFFqbNMn4UBo,1111.0,158,112,False,False,False,False,,
jKKNH2WrvAA3Vk2_QIIHQaq5vhuCth7ryn9wRZXlPpx7Mh3YViX8o340cwOd28dNG66t8Q7Na9cYiw,844f523b-88a5-3999-ac6e-4fefe349874c,RANKED_TFT,CHALLENGER,I,RZnPFTABmsNrpgtFlagxZtuYOsunlnvCGMQ61pm4vD0G-w-ZghsxW_6paw,1095.0,142,79,True,False,False,False,,
7DAsGa559o-CVzhkeMpEtZAodOAu1CK1rD32mzdNYKB9HmdJFx9rOhauQayHP_OItY_RctLSuc5rlQ,844f523b-88a5-3999-ac6e-4fefe349874c,RANKED_TFT,CHALLENGER,I,WHv90jWNrv8pvBss-RZ3LzWdRmkfeT5GNtYAPgcS77gLBA,1082.0,175,137,False,False,True,True,,
rCozEyhiZzegdu8Fkv3tMW_pcHamOcEmY9LNA0ZCs9EzRGRwbrgGWFMT4hs1imw4wnIPavFbMc2gNg,844f523b-88a5-3999-ac6e-4fefe349874c,RANKED_TFT,CHALLENGER,I,4n7nhLphU9P3fbimukV1fsfDhj46szmn71vbjVqagBR2yrE,1063.0,146,99,False,False,False,False,,
Y0Fab9Q6BfRNJsSUlAA2VT0_pwoKuouxvtv5791nhUadYXza7MjFR0y_CXmb6eB6DN46Pr82JATEgw,844f523b-88a5-3999-ac6e-4fefe349874c,RANKED_TFT,CHALLENGER,I,b77XZ_Cd89ENrwPxrSQaGyxKCskJgX8LJ5VP_qYPb470gA,1026.0,172,109,False,False,False,False,,
hibByyFWt40sZJR29NaVHNLRDj9829nPPhBqnhdSUUN_f3o-jrvJFvpOBeF_bTwCJg83i_nalM52_g,844f523b-88a5-3999-ac6e-4fefe349874c,RANKED_TFT,CHALLENGER,I,jKs3Eq99iYdgRyCbNNwb0DQ3JMUtc3V9hj4RwVz_jpoN0vs,1019.0,178,122,False,False,True,False,,
MOmnJ_E7wRSC3X_1nxUlpJHz-2NKC7ChSj3GHKE39Rfcqg-v1zgq1PwmpRK-bfaeyQaFMZXbbwGTUg,844f523b-88a5-3999-ac6e-4fefe349874c,RANKED_TFT,CHALLENGER,I,esYjmi7WKwvroE4xeuEg0aYb-OLMb-CN8Z-gU8t9ovUQLY5LOn6FhRaDXg,1019.0,136,60,True,False,False,False,,
IGqIGx_LTWOoACKc-zhes6L3tGcZ1ER9YOe6EObCjwvHUkcw3sXDhE7RoyCPrnjot9_2oNj4bdwA9g,844f523b-88a5-3999-ac6e-4fefe349874c,RANKED_TFT,CHALLENGER,I,hnA5cwo8tZRe998VDHa1PY_w804nr-5ctVPuNIywZYZlT0o,1016.0,171,118,True,False,False,False,,
mh-xdxT2cTkRsuIZXKiXo6KjKkFvpZAumuLu0zKrgsm35RVIWE7Wp8pkTE4G8p5ptetplmBEiLU3Zg,844f523b-88a5-3999-ac6e-4fefe349874c,RANKED_TFT,CHALLENGER,I,IOCkNX9fq4uJ_J66QYu9-PBN3Dk5eaQHIhHVZEOnqfznEUhL2MklfnRXsA,1011.0,138,71,False,False,True,True,,
z5gWa0QBSrFNMfL_6bZzYd4yomY9GTDXmx-531AIgU9CtXYcXrBtlGIjAa0v5eay1oox_xyvrsEI4A,844f523b-88a5-3999-ac6e-4fefe349874c,RANKED_TFT,CHALLENGER,I,-z2rfjdO_HBXylOxNy9pvMFLSaJIQvoLdhvlKvjG55WIg9A,1008.0,167,87,False,False,False,False,,
v8gWagQ0Cc7lAKppQFPu2O0AyHxX2ThHF32hhmcgDn_eaiEDoEDWVodnI7eaCb8oNYvsNLMXUdDx-g,844f523b-88a5-3999-ac6e-4fefe349874c,RANKED_TFT,CHALLENGER,I,b_5-v14RPK12NTSJ68vsp1r5AGp2XQsPCCdoSkYDKXqBlUU,1000.0,189,141,True,False,False,False,,
XtrAeIgH0PhhGqLXC1ti7MyOjgIP2H2PMidQds7MsLGxTIJZXdzgxr4dYPvM3qlA2-adAzB-PzI3Yg,844f523b-88a5-3999-ac6e-4fefe349874c,RANKED_TFT,CHALLENGER,I,0D7Bi6F4P67PAkMthnLanJDZy7Rs4IKxF-hR-vdJpZdVdVI,971.0,147,92,False,False,True,False,,
XtrAeIgH0PhhGqLXC1ti7MyOjgIP2H2PMidQds7MsLGxTIJZXdzgxr4dYPvM3qlA2-adAzB-PzI3Yg,95698074-15a0-3698-bbc6-4b602f28564d,RANKED_TFT_DOUBLE_UP,MASTER,I,13994069,27.0,37,3,False,False,True,False,,
ItFT3ib8Zd5KBOVZz10Qun1AcqkT3AgkDQEuklGzdd4l2i0_qhBm6XCb9PjYbg49GuRFwyU_E879Ww,844f523b-88a5-3999-ac6e-4fefe349874c,RANKED_TFT,CHALLENGER,I,9ZzPmTCdfu8FvEz0pnTUV0AAOzyZrNwDQv9Gys5MtXmFvQ,924.0,103,46,False,False,True,False,,
ItPMGSB4TFlhPRfrTYPJi_3Ov05AVjqAW6Qr6ytVZPP5KdQbACDwNCUDYqRW1Yy6iDVEKM1P9WSOBA,844f523b-88a5-3999-ac6e-4fefe349874c,RANKED_TFT,CHALLENGER,I,XnYkGaQ-HNLeTN3xRe9wLXjZbx9_sTHxjqIa8ALkgpcpeECjwofpT-KBZw,889.0,157,95,False,False,True,True,,
s-FjAnjNojElaqrYXcosySZNscz_kPsmt_qpukg-vWoGa0GCKP-QUNGMxYCv3YF6cJxidt8NYll8bw,844f523b-88a5-3999-ac6e-4fefe349874c,RANKED_TFT,CHALLENGER,I,G4ULCiPw7TjEL6aAoKcrkOOLWz-CGmDUtfVt_uW7yI2LWZE,888.0,108,51,False,False,False,True,,
3hfi4oiZ4hqB3kOrE-YFBsq4KD91gFx0lP0-tzpth7kq096bUL5O0jTyzAcgbtgjay_HTI8B5Mqypw,844f523b-88a5-3999-ac6e-4fefe349874c,RANKED_TFT,CHALLENGER,I,LDWsTXmilzlCW6ldqLqn_hSnI4ywlbsNPxtVQoD7kuYU4I8,835.0,167,115,False,False,True,False,,
2L8hhGBeuIaX4zlSBLz91FeZ86_G_cH3YUTzT36dNTer5GIWltKMgFD6ss1CABJsfFAaXI0ewzyU9Q,844f523b-88a5-3999-ac6e-4fefe349874c,RANKED_TFT,CHALLENGER,I,nljM0b4UORrWgITH80MefWpX7dow-j6ZaPHo_egkiFrSqrzW,821.0,117,73,False,False,True,False,,
GmgFWTtsdcXzRB2FQBxnhlbKcjxR060Q-Z2YFSTf75PX-6-A_1SEkqy3OXBHa4at9f9fgod-ZOWxxg,844f523b-88a5-3999-ac6e-4fefe349874c,RANKED_TFT,CHALLENGER,I,_xoT2mgsJhyjj5_lJMlMV6I2oZES7HHpjcsoIV_vnIk7Zyg,809.0,167,119,False,False,False,False,,
B3DmMg7FF1c7zIpeDsGqNT-O32aTgw3gOeL9JW-2fkwtAPkYypDIEk5TLtxGh8csjxMl5vrz70yv1Q,844f523b-88a5-3999-ac6e-4fefe349874c,RANKED_TFT,CHALLENGER,I,vmZgCzdHUns2A5q8A2ImLSLwRTEqu_wfz-A_pfqAEzUwgg,796.0,172,114,True,False,False,True,,
dH57O4za9FqFd_9Q7GDz5fxD9IOs85DOUodTMRxhpXMcODKxhutl05DqxNZIZpE4g2Kt48IepkafEg,844f523b-88a5-3999-ac6e-4fefe349874c,RANKED_TFT,CHALLENGER,I,c7AsjjN6Tp1wF9qoKbfCh1IEltXuhyR6dw3ozMpCopY8akU,791.0,170,133,False,False,True,True,,
Lv-FYh3rIdfETAqBYlisWi_1COjD3PfUkdQkFN8NgeSna6FoaJgGv_jsuia2I7H7z014Uht3DyN9KA,844f523b-88a5-3999-ac6e-4fefe349874c,RANKED_TFT,CHALLENGER,I,SFPA5pr1rjRAkdDt3KX6ma00IIL81j_zMZdM-9sbgBdToNKPuIiRiO6h5g,781.0,103,42,False,False,False,False,,
o4cAAl24n0I1hreQJAnT7vcS35dUzr_flAlvthgWDd-Qk542WRqAXSQU1ZL2Z-7CjB8jkJt2_5bTmA,844f523b-88a5-3999-ac6e-4fefe349874c,RANKED_TFT,CHALLENGER,I,nAwm13L0j9pMYNkGg-pKDerm8vumNQ-ekNRepmpWe7Q7rrs,770.0,161,129,False,False,True,False,,
e-2dQ6mCQoiQSDWhRpPkED5a7sWpW80tEqjgvnw0zauC6ZC3lTZdTZ5_sPjrQjEelcY1Phzsb0iKJg,844f523b-88a5-3999-ac6e-4fefe349874c,RANKED_TFT,CHALLENGER,I,bmUyu0mrfSFQ0mIOw0YLQFcmvjaMsu9dFCefG45KXbTnAIbcKIo0KdSi7A,746.0,112,54,False,False,True,True,,
Qxd3sVAvy6OFVuqO3TSoGH13_hQO8NjDlMAcpUieGp05s2sL_tHSdZdOlDjIlA65RvKvfp3aiY77Aw,844f523b-88a5-3999-ac6e-4fefe349874c,RANKED_TFT,CHALLENGER,I,DqQYrT8IVNy0PplKvGqv3U_acIHQhd00JmowuIfSrHH6fg,744.0,128,86,False,False,True,True,,
nRwLzz9Scn5UIR6zUXsZON3U7fyuceSA99YJBIW3530Ukl2t-4AHEJyFmpAoE9xnV7ZnInTRcFFhcg,844f523b-88a5-3999-ac6e-4fefe349874c,RANKED_TFT,CHALLENGER,I,XiXMDqJamq4w65lu_ec-ysc6VebahHYWRRo1zko5WtXkgQ,726.0,159,115,False,False,True,True,,
JD8fSU2iIPqaiW5TJ2XpTP-WtD4bbYCJzxGE-5jjauJsgPIsQwY7nuBy460tG_NkxIdmDsUJc2HxxA,844f523b-88a5-3999-ac6e-4fefe349874c,RANKED_TFT,CHALLENGER,I,WNpEPC2TqHZB5pnMH1udYu9XEPSJ_2qubBm923DAuRnI6TyRnPtkVv43OA,705.0,86,34,False,False,False,False,,
X59URsS59e5J82A1v5tBgB0Dduir8eVGf3Kv-1JtghlKl31ekuzEpVgEROD0ZMe850ABE7YA3M01wQ,844f523b-88a5-3999-ac6e-4fefe349874c,RANKED_TFT,CHALLENGER,I,0TqPTQyvozbaZJI66cM7mPzoKybcgJLoCGC0H2CgKspSp3HHdgZ25_jykQ,703.0,146,113,False,False,True,True,,
4XAuw5q27TpnaWKy5tP94R0Rbb_fKucujUcaARejSE34ewNCphpeXKuxS2ePFEYd_ujDKKnnY20B-Q,844f523b-88a5-3999-ac6e-4fefe349874c,RANKED_TFT,CHALLENGER,I,H4b7Mc6Wb41m4QHw4iKabltmv2OqNtcdl-R9Up5nrATelw,702.0,150,109,False,False,True,False,,
BYG-1fGR1AOkRo9mgF_iSvAQtirbpcRzeOA3tZLf9gGowt_LmyjqJFiHBK5OiwPwOLMP8Mjh70GHaA,844f523b-88a5-3999-ac6e-4fefe349874c,RANKED_TFT,CHALLENGER,I,08WkApmUsw01aZHRqzGA38fK_Yt3lnft-W1ei-KsuWGZJd48dUmCnjVcIQ,701.0,163,139,False,False,True,False,,
OW5VfvSL_erKP-_ieF8MPI4mEsrXF1KCi3m6_uE1_ZyobhvXsrVlY7M_mMgW8zsBXo2aKKwhZXAj8Q,844f523b-88a5-3999-ac6e-4fefe349874c,RANKED_TFT,CHALLENGER,I,qaskRY3NdhP0y6A58znFopBZ3AVt5kGqv0u5k_Y3rUX65ECzoWESYuk0ug,696.0,113,96,False,False,True,False,,
nlHmYXUOY4WuNklgAKq678CaJya-ycTEGDXptrjBWtCtGhkBLBo4BaeKrpR5m7NNIykJEUs9pnSLoQ,844f523b-88a5-3999-ac6e-4fefe349874c,RANKED_TFT,CHALLENGER,I,wSSXB8IiYuv_GdDFBng2ZAWczVzscSoCKh3nomerVSJK6cs,671.0,131,99,False,False,True,False,,
AS3ltBs0yQjQqlnao02FTecCW98FOrpjDv9IeW1_0NKzw3Ykfin73h3XmV7q6ye2rqNcZlkk0E7Jxg,844f523b-88a5-3999-ac6e-4fefe349874c,RANKED_TFT,CHALLENGER,I,ILq-LAJS-IuXd2GbshabEZpuuMsnzzJqs4rc-E-aopa1p3OtHwlJaCXPtA,663.0,156,131,False,False,True,True,,
aHU9TcNVNO8fsGityWw-oVJeAEhJfG11s0V5KxaCv34lTjqEymzFrhrs0zHZrzLxyZwlzzSkhmP3ww,844f523b-88a5-3999-ac6e-4fefe349874c,RANKED_TFT,CHALLENGER,I,eZlq1QRATXPulzthLd6U1sBKupNawm8-RBk98wzMJeZ7MyJTATuaFexT7Q,657.0,208,165,False,False,True,False,,
H9UEWGnb-68ydPHkHIosSpegfwKdFqsd8ZVCix6E-IYWYwb4cMiANQw_UeroZ9VslQdcw6PxiVl2JA,4217f295-1359-49e5-bea4-ed6b5a9cdc8f,RANKED_TFT_DOUBLE_UP,PLATINUM,I,3101569294411584,74.0,15,1,False,False,False,True,,
H9UEWGnb-68ydPHkHIosSpegfwKdFqsd8ZVCix6E-IYWYwb4cMiANQw_UeroZ9VslQdcw6PxiVl2JA,844f523b-88a5-3999-ac6e-4fefe349874c,RANKED_TFT,CHALLENGER,I,bW-1gN9OWv-THcQZPk5meKtabUdSPWetngn3dqS5Vd1k2b1zBoWWmwFwPw,657.0,102,55,False,False,True,False,,
iqGJrLEAbGsW-fh_5Z8T-zKu40bLl6x0-F-NVXU2j5OwMaGzbQriF8Rfvm9POzR3NpXPwdwJKoqsbg,844f523b-88a5-3999-ac6e-4fefe349874c,RANKED_TFT,CHALLENGER,I,Xp1_gzJV1VkWqw8N_F0l8jBQdIt-u-dqYksvLbxmpQFsNv8,655.0,164,108,False,False,True,True,,
9sjdeEgHlWc-iWPgdLIqazH-D7Y6V2GQehweeIO5ywSI1WlxZ5WiA8WYQ6wZ4UyAzpmW6_75attzsA,844f523b-88a5-3999-ac6e-4fefe349874c,RANKED_TFT,CHALLENGER,I,_g5PidQ7-3jgzxmA6FDXKzM8UujxUmx4wfax-rICJoex9XA,655.0,143,99,False,False,True,False,,
H0nB07sNPtchpxleOsyt-0jN8J0QR60kSEtnCPc89103uDQEHYgjDuEwQlXFJqFtqkIqj1WfqWYK6Q,844f523b-88a5-3999-ac6e-4fefe349874c,RANKED_TFT,CHALLENGER,I,qYhi2os8RRBH_JD0pNS3aI_2llGZpCX5h3mrsWZjYMbo14_av6sirW3Umw,645.0,131,91,False,False,True,False,,
lW-_SaKMoWZKIJ-FMLST1MgNYgEp73g42HHP-E-vHsR9JdBThMFqV03zcpvrxVXlp7FqauoBIm0fEA,844f523b-88a5-3999-ac6e-4fefe349874c,RANKED_TFT,CHALLENGER,I,EB6DYSOVtz805bexXo0Ct-MlNcf8R1JNx4mDu4yeAiM8NX0,641.0,132,94,False,False,False,False,,
LAh3GNO5wOWoXTQWt47V5BNpiHI_ZK1qWuSoWTwoASZc2P8GL-vaRX-P724q3HLU-6L4TFS8Q-2weA,844f523b-88a5-3999-ac6e-4fefe349874c,RANKED_TFT,CHALLENGER,I,PRUYPxMPljp-5b4zZVJh96rnjFaNjjmd244rn88YsxtuH3M,634.0,134,97,False,False,True,False,,
fPOI9T7CuQJK2Sefb0QlGAADLdvzP6DkfDFNVRsODRitNXA5X_uASVpCEgllbUPeYhh9W-YqleQ0Eg,844f523b-88a5-3999-ac6e-4fefe349874c,RANKED_TFT,CHALLENGER,I,QCw4s25Y5wGmunGmm8CU8AjKELTjAxXz7xFjELiuMjQUsA,627.0,147,107,False,False,True,False,,
Jcbo8GwkgxjmRBnkyeGiTucocyZd1w1jRh2ai_JPn_-RBY7FlQtPK_u3Gy6LfEcxLd6P5ZXY2b3z0g,844f523b-88a5-3999-ac6e-4fefe349874c,RANKED_TFT,CHALLENGER,I,T1fEZBlx5OFIkir3xGVdsUEo9On6kNE-XAPaYA5_cHrpHD8,626.0,108,74,False,False,True,False,,
oRqpnCr000GiRvvXuR2CzlyOdGN2UW92MNmEWr4fH9EEZulhkcdECGXrR2oUngHNr2_3k90Nb1rfvg,844f523b-88a5-3999-ac6e-4fefe349874c,RANKED_TFT,CHALLENGER,I,02w4Pq9h36r51ae7GOQpYeipEuKw3D3RX88lqGqN8X-hp_4,623.0,106,54,False,False,True,True,,
Ad1RiYjY4zCVK-SBbHghQWktiFfGXstf61VPAclx5xIglwLvCG7F2GxrXzjb8n2kJS7b7mIL_QsBqw,,RANKED_TFT_TURBO,,,bZAv1jlwEckQ7wxWVo0a12SghYxBDmdVI5u_4hHIRpIVEUhRzOKR6Fkp-w,,5,0,,,,,GREEN,1764.0
Ad1RiYjY4zCVK-SBbHghQWktiFfGXstf61VPAclx5xIglwLvCG7F2GxrXzjb8n2kJS7b7mIL_QsBqw,844f523b-88a5-3999-ac6e-4fefe349874c,RANKED_TFT,CHALLENGER,I,bZAv1jlwEckQ7wxWVo0a12SghYxBDmdVI5u_4hHIRpIVEUhRzOKR6Fkp-w,672.0,135,98,False,False,True,False,,
PZc37l9-8eSH38BOlvElAuogRiq2pZJ13jPAb_0xubRPyGJfl1RB8SvXonNZCX_C92j9R9U8U8vJyA,844f523b-88a5-3999-ac6e-4fefe349874c,RANKED_TFT,CHALLENGER,I,rvvvRnfTv7sfuwSBbWYBysQx8teL4TMAcSXRbHkPSBkOqufzkjBy268gwQ,620.0,132,114,False,False,True,False,,
1KbhT69ZIxMDqAVx9sZHEED5I5vT31B__3RdwV_wJIocDciihVs71JwxNlgNMyQKBmh54PvbslfORg,844f523b-88a5-3999-ac6e-4fefe349874c,RANKED_TFT,CHALLENGER,I,ODo_ovQG1URLtrnrRGu3-QnEYn00YJvenWDbYGWcxqrTLZFCBmEHha1iLg,656.0,113,54,False,False,True,False,,
E9e5TTQqCCRVh_pTvYjCB3vu6tCzP-mVhTHddJ8jUTcT4ZpND6a0OEgaRAd_SXJ0N3unvVKHhlt6mg,844f523b-88a5-3999-ac6e-4fefe349874c,RANKED_TFT,CHALLENGER,I,-VzX5TEZHd085umUhNt2zxLcQ2YigvMv_byYRAoR3Nw70g,612.0,179,118,False,False,True,True,,
_H2cNLEc4si1LZ9iU4n73TAiahzhxh6AtF7xsx2ptWYWe_g6xAIG0Ne4iTQEPaRBa5rgxmTRwac7Zg,844f523b-88a5-3999-ac6e-4fefe349874c,RANKED_TFT,CHALLENGER,I,RonRPimZt5xSghFpZ_f478oUsuLIzcFmWuDae_5ryk6LUoA,611.0,185,137,False,False,True,False,,
bR50J2YHgTXNjYK4AxAR3XOOSjDFLs0nNfFpO9rIARGktQ42IRMytui-8jT1OKuT1C8Gaz5UQ2id7w,844f523b-88a5-3999-ac6e-4fefe349874c,RANKED_TFT,CHALLENGER,I,Xt8CtuvJL424eM77uTyNKJV279nqjByVqRbWVW5REJxey68,611.0,111,73,False,False,True,False,,
6N4Y-0qflc7PQhIWnyvRMAegFdbcAN0D8P6MF2dWApkYr3KpyohSj1sS6ggprkqlRmR3p-9dVlPEtQ,844f523b-88a5-3999-ac6e-4fefe349874c,RANKED_TFT,CHALLENGER,I,3qhgKqdwII3YcBrgPO4rkgylxRTKhrXe3AzJiWudZyKDYUIRCWPm8wzqNQ,607.0,136,99,False,False,True,False,,
eTVGEB9tTYhwt6pRQIOjtDnsVhSwbTq22XOJjmGoA_gBUQv2VwtgOSGWPsCm75XmkPySs3UX2qqUHw,844f523b-88a5-3999-ac6e-4fefe349874c,RANKED_TFT,CHALLENGER,I,8AWu4BejjjnSlUIi1VknsP_hyUeUQIFZl6zqA8qr02Oy2To,604.0,142,109,False,False,True,False,,
Dah0v09LcdJ6UpkJu96tm57Mbc11lrhKAaBX-DLdaFgTZj2E5ZSH3x_vmPiGfb9YdhJjLfEW_pagDQ,844f523b-88a5-3999-ac6e-4fefe349874c,RANKED_TFT,CHALLENGER,I,uvInbAqtTHbFBizBFhzeR_sB_Ufo17DUe2uTTavAAXu-X-0,603.0,108,72,False,False,True,True,,
uHQ5TnTj_FODLek6syt-d8VOK4mGyCi69x-4o0cfegAJIf-AYsPlur54H6-vEZ-_Hn2pjZvqReixpw,844f523b-88a5-3999-ac6e-4fefe349874c,RANKED_TFT,CHALLENGER,I,KRiinsEk6JIcCdrxxb68Ju9WJli312yBy3mRfb-P2c-nq5qaApmDlYMnKA,599.0,147,110,False,False,True,False,,
2gTcyR9BDyt2AA-00udKIPtwsF_gg6owxzR6Xt-pgJjZEQ5lQM4nazVc-1nK35E8ITvLCvUGkdVm6g,844f523b-88a5-3999-ac6e-4fefe349874c,RANKED_TFT,CHALLENGER,I,H4NDo9qPKXRU6vzJqXFmr_5HJAtZkYQWFrBhpv9Y_3Jr5g,590.0,215,190,False,False,True,False,,
XQyi6buoJL4cgNuH7XrJ7ECDwfT08IBgfHK4YldH0-Fnd1Opycl4XH5-Wud2HGqaOFMib9NyJ5dafQ,844f523b-88a5-3999-ac6e-4fefe349874c,RANKED_TFT,CHALLENGER,I,G-T0LpDGg2Zzvm8ZQ2IRbJHXIRbrbaW99t9qkL1Dqov7Gw,590.0,149,92,False,False,True,False,,
z54HELUJ65zTK5S8uNibIAKBzK78nY3224EVg8TdxMvzJplHZ16tX-CxRbdApT326Ph7KNtsjdLKgQ,844f523b-88a5-3999-ac6e-4fefe349874c,RANKED_TFT,CHALLENGER,I,dNEgYTgMTqY7eANwFnZ1vjJTrKQ-Nu42-0b9Sph51WZA4w,590.0,140,117,False,False,True,False,,
39U4G8NPEDjVHDkSg30X0dIh8uVNTKmnhtq5bCdoZVMQ0J7UgIraBc-WLg6JSn2coDcD1ZTJaEJSug,844f523b-88a5-3999-ac6e-4fefe349874c,RANKED_TFT,CHALLENGER,I,7o44lCrUzOYNyek5H7VIbPesiytGmLZli2eGk2EttOY5wgvVWdH42o5fiA,583.0,129,100,False,False,True,False,,
qPOk0zQRYdgf3jboGQrUqEgRD_rDURtalr2Neb78cKZJppjLAZ0V3j8GUBcnzwjCXiuVyCrtMV5t7A,844f523b-88a5-3999-ac6e-4fefe349874c,RANKED_TFT,CHALLENGER,I,y8--nIXXTstFS_gO256YpxzI0SIZc9rnneBqPzFjHlU6AQ,580.0,215,181,False,False,True,False,,
n1H0zGpwclm2PDfzDk6gXSC0a2MimMiLG7WWhGYi4d5hNq-RzKbyLyyFO5-wCY5boKDtwbEkFEwzWA,844f523b-88a5-3999-ac6e-4fefe349874c,RANKED_TFT,CHALLENGER,I,DpMr_S4dzAlGkcBKzhLaTRP6x3tHPoJeUjVszqXahcLJWQ,579.0,162,129,False,False,True,True,,
H3zkn0IMTMGJqZWKr5wr_52WO8kj5k1ogN3dB7NBHza5aBcoNEUMBcQohqZTGxkNeOywKaIHJ4-Jag,844f523b-88a5-3999-ac6e-4fefe349874c,RANKED_TFT,CHALLENGER,I,plsCcxLrOUUPvJCMADOwTt7ZmSjnVtAXAiXobuxO_foz5dhk69CS0X--AQ,577.0,87,58,False,False,True,False,,
eXUAPWfpsih3p008nTl5ohignqJYYEbbQG4UEIO7f32-nJAFHjrtKdSYKhMM5hI0h0Cta6Rkfh51lA,844f523b-88a5-3999-ac6e-4fefe349874c,RANKED_TFT,CHALLENGER,I,jxfIFdhQq7-4zqn73Svx_QwhpVRp8PMeRLP_9VyRfUST3xOFEBLMo1aOFQ,569.0,125,94,False,False,True,False,,
vRcvVpyHmnYF1MzX-TDvfpnRcpFjebi-rePnmi_rAOyzNi4YdySsxZF1wFfd8UvyZXMCYZH4y4HEAw,844f523b-88a5-3999-ac6e-4fefe349874c,RANKED_TFT,CHALLENGER,I,4SoYBFhbO8rNK3lfK-vHbZugeLlAe2ulMc26a7Y1TU3T2VM,565.0,141,103,False,False,True,True,,
vRcvVpyHmnYF1MzX-TDvfpnRcpFjebi-rePnmi_rAOyzNi4YdySsxZF1wFfd8UvyZXMCYZH4y4HEAw,,RANKED_TFT_TURBO,,,4SoYBFhbO8rNK3lfK-vHbZugeLlAe2ulMc26a7Y1TU3T2VM,,6,0,,,,,GREEN,2002.0
Bl4I685eKJxvGQmJrWRA94KNv0Rp5fadlMwkIqI-oeDbMbZ9svbFIH2ZIJak2ELdcTtSLAJXExWDHQ,844f523b-88a5-3999-ac6e-4fefe349874c,RANKED_TFT,CHALLENGER,I,2txDpLaZCa8VZuY1nc-bsDK7LLBsH2rZz__0KYuuyPlgQ0g,565.0,92,58,False,False,True,False,,
FLGOKD0D739smE46VUPyDK8IVSdT_q46ri41HBPAAyvQ_QKOTaLn4-SV2GSB-q149GQADG1PPLtgWA,844f523b-88a5-3999-ac6e-4fefe349874c,RANKED_TFT,CHALLENGER,I,O6VdWhVFf76ZOMEixgFXkILFz4xvfXVHaCMTVWu1O62LfTGQI1Zxt3ptrw,564.0,104,56,False,False,True,True,,
PxasKmI-C_ocWrahXfUtLLmZC9cc_m4rN-_Df27V-Lm45rQ5eh6B-XJkK-0n_ix5MSqNkELLeByCMA,844f523b-88a5-3999-ac6e-4fefe349874c,RANKED_TFT,CHALLENGER,I,mN6YV_2Sm7Hks5z-5ZqDcdgYCmuedqypXRaNVYYgPKi6zHg,564.0,73,31,False,False,True,True,,
PxasKmI-C_ocWrahXfUtLLmZC9cc_m4rN-_Df27V-Lm45rQ5eh6B-XJkK-0n_ix5MSqNkELLeByCMA,,RANKED_TFT_TURBO,,,mN6YV_2Sm7Hks5z-5ZqDcdgYCmuedqypXRaNVYYgPKi6zHg,,74,28,,,,,ORANGE,5596.0
S5PlzuJ-sW0aJpf390x-bzt9XE3ngTBoA2l2Y0GEgKpzyUterUaKRay9SSi1KkzH20bYSWyZP_lCUw,844f523b-88a5-3999-ac6e-4fefe349874c,RANKED_TFT,CHALLENGER,I,4ad6S4h-5O5zKgNO1nrRY0tCeHC_S0dikwcb4nX7bGlQ3fTH2HE6BhMK-Q,563.0,111,78,False,False,True,False,,
E0wpZNckCKwsRt-pB6c4Pwofr-P_wmd3LEPH6dHYUS4Gq0olqew2lkBakBmbjv2OFT2FobZARcdA-g,844f523b-88a5-3999-ac6e-4fefe349874c,RANKED_TFT,CHALLENGER,I,RXmq3s3cgm-ylfIw8FE7uAdksyLME8uAv2hT212w52m8OVY867BNyBpQHg,562.0,117,90,False,False,True,False,,
Js9U5xb0i-NMs_dKwmxgFX8EGj_gpXhbaunkXZV7WwhreASJHWYc_ZN_ECHI4qzH9RbgOXKQy4A41A,844f523b-88a5-3999-ac6e-4fefe349874c,RANKED_TFT,CHALLENGER,I,eiDvqtafJc3UdH1_yAd_87hzQMtbD3SqhOVzbyMZUJED5uU,562.0,111,80,False,False,True,False,,
gU37-WuJY1o3kK1IS9Sf-v7yTEbvjLmcGAE5JclzIFCqZV7Tp9ykiBGK9KLt6Pbe60cbKIQonN6eSA,844f523b-88a5-3999-ac6e-4fefe349874c,RANKED_TFT,CHALLENGER,I,mpnibGqFE-sdcwmPdJ0TM93RBAKL--4e0tQGIKhrRMPCflw,552.0,144,120,False,False,True,True,,
pS54CKUYYER5MrmMyJ7CvPWMqGgFCTQu_DFR6mPFmtt5pgu-XtCHKsnv7HZxuoLGWr9q1k1dvzalkg,844f523b-88a5-3999-ac6e-4fefe349874c,RANKED_TFT,CHALLENGER,I,wwkN4vgeN2TdhWHKCyl3ymIBKKytRjpox_d5bM_0uQfYaZiJMFACRYIqMA,545.0,115,84,False,False,True,False,,
Y7ZCZYV9aKscqbSkckgRyiMnCjJJuW9mrQ1SpbGgObWu0wYwJPCN8bbn0fbuH48L6hBzYxQe89FrBg,844f523b-88a5-3999-ac6e-4fefe349874c,RANKED_TFT,CHALLENGER,I,lQUN2sLoNIBPBdmJPfyQcysDor1bAI6WY4Iv_Fy-c50sUIQ,544.0,163,105,False,False,True,False,,
Ok3ylqzv5w3QzsmCHg_TC9q4HcFx4bIhadWPtuKgnDE7XOnoychtMdK3oAlilW2oPnzZcVbf3UB-Ng,844f523b-88a5-3999-ac6e-4fefe349874c,RANKED_TFT,CHALLENGER,I,t6na2l2T-6DkL8jI0Cpd4LsWLee6BLRGGno6cHzO26D06g,544.0,123,97,False,False,True,False,,
fOLs-CI0sq52SM7gROefWIODiFY73b60ZReKCMNQE3Z_HnewZYPZP9gRDwI673hEd3rT6HiKZStPKQ,844f523b-88a5-3999-ac6e-4fefe349874c,RANKED_TFT,CHALLENGER,I,h1KBUu8Y-jslk4hJyK6BMWinkkzvZbQdbLDtNIW_qwm_1ztLvPEN537PDw,543.0,123,94,False,False,True,True,,
T0Py4R8w7cCmcmYQ189BmPS-utgMZnXVWDYs6Ae0E7LP9AkiT3jMwrPQbMigz-J_APTlA-HZsOoKWw,844f523b-88a5-3999-ac6e-4fefe349874c,RANKED_TFT,CHALLENGER,I,isIPv5B_9idXAOB-I_RuNDypOBinx9JaAaOs5yJnNovt4FzmIZnzrI5LGg,543.0,87,50,False,False,True,False,,
wMkIDBXyCIqq8-BPdNVDP7vF1PlHnoIyKZghTxyf-DrJNAZFS7vQmdR5WmJjVzsJh5lQ3rMgKgeBOA,844f523b-88a5-3999-ac6e-4fefe349874c,RANKED_TFT,CHALLENGER,I,VFXbYFDRRD4J4hIbjHJKCETV0nnFCyFL6z3Uw6ngCew1EXo,539.0,121,95,False,False,True,True,,
o4Bow7ouS5tAeQThTgRsbltH50XVlUY_F78Fq2Hv4hZMIDC_ng6DHiY8MUjuZ4pcFTL3JOik7azeew,844f523b-88a5-3999-ac6e-4fefe349874c,RANKED_TFT,CHALLENGER,I,Xug8NTRNv2WKxM3RtVbjNafVQF-uiAOEoOdkH_9IdsfLGC0,536.0,147,118,False,False,True,True,,
qmkwhXyInI6ZQl7DmmGnO8cZvH44gKyilJ-roJuycmHABJN4KnNor2f-Kaa68HV7WTNfdvtOfZ-a3A,844f523b-88a5-3999-ac6e-4fefe349874c,RANKED_TFT,CHALLENGER,I,KnwAKYJ7DBbusPBHJ3tT9NTMqpsyWr20WoRhoGyFWWa_5Ps,535.0,129,105,False,False,True,True,,
Q3FK4NqIlCbC7ydoH4S2lWYqUbCM2qXtjWLuaHUuQbqU2FtXjKaW3ACrYpZ0va_6CpjWZSE3oqB1-w,844f523b-88a5-3999-ac6e-4fefe349874c,RANKED_TFT,CHALLENGER,I,MObetNgTA1MfWIUCqQWSTZKKURFC6TVyJ4KR9AGtmn39u0E,534.0,157,125,False,False,False,False,,
bLxgZsE6PppMH8UKR1XlsonDSCPXzKNt739AjKdzZXo7VSux_UjFxfXZ0vE2H7w9oQqoCM2YOTZXLQ,844f523b-88a5-3999-ac6e-4fefe349874c,RANKED_TFT,CHALLENGER,I,eMhpNiWBZzKI1yBn9qCBJh3sErwUEnKQA6wpeu0UCd0VvcKEKLXvVBIgCw,533.0,119,68,False,False,True,True,,
beU5pNxRlRunn-5yNfbblf8MSXGBOgRFKewqDlj4a_TArdKGp9MNrIQu7mgql79a-qI1QZ8juyGMFQ,844f523b-88a5-3999-ac6e-4fefe349874c,RANKED_TFT,CHALLENGER,I,vBXHAjZchpMMZKQtY74l-FS-I2V8doz1pXWdAo6OxgylfrpEvGcDdRdG5w,532.0,153,117,False,False,True,False,,
X0_t4dgPGojhvqTB7XqECjO-_hfuPSiMQzAAceniRVzYnISb2diUbk9oOszxcgRs96f_raNipNu7Mg,844f523b-88a5-3999-ac6e-4fefe349874c,RANKED_TFT,CHALLENGER,I,0e7KuzZxFGM7veovFjJX4YQZ-_y959SjDwmXgxCEz9Eg-A4,532.0,118,88,False,False,True,False,,
_VTy6vwyq_bv1JvppaeEDeueDA3wUlLiA-zLXtloab2KBYlP5WHZIdGQopbVMbC0M7iqRpziZQVGEA,844f523b-88a5-3999-ac6e-4fefe349874c,RANKED_TFT,CHALLENGER,I,kQ93x7Ok4Zw2rfh4ZL-doNHJmI_Zd5Oc7XAiEuAQkN7GU4M,520.0,152,113,False,False,True,False,,
0YV7didclxGV34PofCRkgfVJw11t0HgfDa9SJwXCVPhk4LdEvaj77oZ8cbHz2WqgMjbQCMmget30_Q,844f523b-88a5-3999-ac6e-4fefe349874c,RANKED_TFT,CHALLENGER,I,el9pbYk6SA8w1de8Eh-amp_n-ChUhlqp1E8CUTzC6A13_Dw,528.0,157,123,False,False,True,False,,
MLMfwY5l1MwtAC55F31_5zQkBTjtppsfD2Pr6ZUuwMLd3DHzK5fJGFAEEaS8LPC563fjBTQvInVxFg,844f523b-88a5-3999-ac6e-4fefe349874c,RANKED_TFT,CHALLENGER,I,_XMOKg341bL3WIQGpmUbCF9EvdQpMhHxJ-bSBLVJC_GOLBoz6AcIvBXqkg,528.0,97,70,False,False,True,False,,
HBPh1ZB3gelNG3vo7u_1M2FHyjvBTMJwSAIFvefylCfB1Zs3D-Sp9GS2IoQj2ERYSAsWtZPHCvZP_Q,844f523b-88a5-3999-ac6e-4fefe349874c,RANKED_TFT,CHALLENGER,I,R-nMwtmafWTelS2tsxH8yNFLAMOoJJGUqJMxYml83mrmGpU,527.0,111,87,False,False,True,True,,
HBPh1ZB3gelNG3vo7u_1M2FHyjvBTMJwSAIFvefylCfB1Zs3D-Sp9GS2IoQj2ERYSAsWtZPHCvZP_Q,0a935266-8ddc-4e5a-b542-4496533d8768,RANKED_TFT_DOUBLE_UP,SILVER,IV,59290632,39.0,4,2,False,False,True,True,,
UQoQjampvPoxKO2J4eh4SDujUun3lZ6Ki18sTJQ0X_c_Mp726oajh3eZRero-dhz3ocbpSA-uxL6vw,72b774f7-9ba8-45cd-a0e5-9f84d4dd59ee,RANKED_TFT_DOUBLE_UP,DIAMOND,I,10391619,28.0,44,14,False,False,True,False,,
UQoQjampvPoxKO2J4eh4SDujUun3lZ6Ki18sTJQ0X_c_Mp726oajh3eZRero-dhz3ocbpSA-uxL6vw,844f523b-88a5-3999-ac6e-4fefe349874c,RANKED_TFT,CHALLENGER,I,Q686PkmQSygSG2CgBZJrRYiHkp_PZDX73cz931Qa351cA9k,527.0,82,43,False,False,True,True,,
8PpwM3NjzHyfVWSQj3gi0fHbIlwr3Nc02IIRVDf0hQPswwQoS4zehu2uxJVT-xnygzcQHiOb7HVNcw,844f523b-88a5-3999-ac6e-4fefe349874c,RANKED_TFT,CHALLENGER,I,BcsE8w_JnEq_zfWtZGOLABTjhKAWrpaO-k1OzcF5F70RtqdDShUHuBNFkg,523.0,216,198,False,False,True,False,,
YWxmK3Hdknja1xzb2eJL7-1dlwn1PaN932Zt3N8JaYtKcilh5SgT-XlsrjLkOOAkEPc_lIW_XCIrJA,844f523b-88a5-3999-ac6e-4fefe349874c,RANKED_TFT,CHALLENGER,I,V1mtalXpw6yngDmHoy8uVHYcNhwbt8rdjc_5DuMvPhnI5bNm-Uh5aOIAUg,521.0,70,42,False,False,True,False,,
j1dAboSIH5z-hNMhlRFVBLsdphG3dVxVMOPAy_WvO6r4IlAkSf3YTE4v8-Nyt6svgGe17ooonzGC4A,844f523b-88a5-3999-ac6e-4fefe349874c,RANKED_TFT,CHALLENGER,I,5c0zhP8EVHBBp_lQdMEMdQ_i5XuU6GBqMOPL7TRC5EVLdw,520.0,129,101,False,False,True,True,,
6U6c7v7PpZ4yiNmppplJx3KP90-1zQCFFcgjJcomolrJG9URRxA7Tcf7hMPTenED5Fu5SRXBdo7eYw,844f523b-88a5-3999-ac6e-4fefe349874c,RANKED_TFT,CHALLENGER,I,GFX33syTxgJt9PVHStwzHJQNnppUF_eMpCN0X9Vm4X8m3ts,520.0,128,86,False,False,True,True,,
OuoAPd22eKrTmW6J6mbCjTsVDD39C2Y3WKAfCGEC8y10QVmzbdYhW0q-ZuTXYxma_tOCt7gpXocHMQ,844f523b-88a5-3999-ac6e-4fefe349874c,RANKED_TFT,CHALLENGER,I,if5sDaSnm43rMmeTupU5UD3yp-B6YZBCdhsA8R82Qx8XbLM,519.0,130,101,False,False,True,True,,
zi-gp1qHyJOUEer58B5urFCO72Oem_3DwZHQnrBAwJF3kghV8dRWGBowzvkKgU1e2FseCjM8XzlEGw,844f523b-88a5-3999-ac6e-4fefe349874c,RANKED_TFT,CHALLENGER,I,Wm4jXe2PtnADKdcb98MPxgfcXZlo4Ep2ATHMjPXkcb9PzVDfKbOPrikoyQ,517.0,75,39,False,False,True,False,,
C7JijnKL5Aifh1M2o0b8Ae-ibWmff3xnRjznXqBN8Qb-Go3aykaOXmdc6dppnYW937wooU1PsHzJaQ,844f523b-88a5-3999-ac6e-4fefe349874c,RANKED_TFT,CHALLENGER,I,quEAMFikiXdo4VQcf1Pdh4TmWIf8gJhr1BJ1OQAc9kT4Ae0,516.0,198,185,False,False,True,False,,
zYkUnvR04q2cW1p-sqeSoQwlfa_wQqolTEW94DGKd9tTnj9wQKS96zTObQlHnaXUCa2wEl7VIy5gBQ,844f523b-88a5-3999-ac6e-4fefe349874c,RANKED_TFT,CHALLENGER,I,ZZ1lJjYBwX5Rcx5-W56j11YaJe1SoZGMAbc71f42C3YY6mzVbePZQADImA,516.0,125,93,False,False,True,True,,
F1BlsqMXzA5DJ8jezWyI9IQcQ5dtLxkgUyuARJZtH_VUee7U9QQ_gEaqBMT4NCxfZsZevVA3OCkqOw,844f523b-88a5-3999-ac6e-4fefe349874c,RANKED_TFT,CHALLENGER,I,0C3zw3upREcFqbYv8gdWcRKT_GrOyxkjylV0hKiS7UEBKh0,516.0,109,71,False,False,True,True,,
0XxKnaL936cJ5AXKvfbGMuR-k2k5VqVpiKXeEYLPVgpkFWcwWin0Wb6GsLNPsubw93UvxmBicx0kTg,844f523b-88a5-3999-ac6e-4fefe349874c,RANKED_TFT,CHALLENGER,I,UPF7VuJlZ2zvRHep1zneU6OE26PdTdHpzv3fA4wgfiwVdLNlvhBDyW6rTw,515.0,208,181,False,False,True,False,,
Sc96Yv8g-kh16WdNgXA1LZqZJAYdrR_xy4fWbG8VUihuf-8IbEz9Y5rcUJYfqM3SpWhW2XQmcE4xWw,844f523b-88a5-3999-ac6e-4fefe349874c,RANKED_TFT,CHALLENGER,I,P2mQsqa__CtOqNkLbSodsrY8s_tMiKPoLMJ4KbWGIPQ_Q0GcF4sM1suV6w,515.0,123,74,False,False,True,True,,
s4ZmpNWIyKrxY-_xWkjQwXSUR1fpbUMzBmgTNeijMu0l0_uueyJ9r-MrghJffWv-0XC3_XOPxQgH0A,844f523b-88a5-3999-ac6e-4fefe349874c,RANKED_TFT,CHALLENGER,I,WIv4WISFAv21V2gNH9KwlIgR4UxzPcPdXAAu2CBqNVviqdY,514.0,93,71,False,False,True,True,,
EjTPtXsHYtAgiOra6fOENXJTTI5cBHNq_kJlvVTTSNhuS_0ab4SLMDRcC0FprmUBMryXCscIBGX80w,844f523b-88a5-3999-ac6e-4fefe349874c,RANKED_TFT,CHALLENGER,I,TWjDoll143-fkwfEsbAtHpHZcf3CWWboLsdVp0smKoPCixYS,513.0,98,64,False,False,True,True,,
FRCoY3U1kLkaP2dx9qIZHAlnLKhPQugcj46QEya465GoadYn-5fORL2fAsR9fF_AI_27LWu8EHEV-g,844f523b-88a5-3999-ac6e-4fefe349874c,RANKED_TFT,CHALLENGER,I,2JsnS_FMUE__IFZi_Fn-56_s0h06F5K5jJZknVZpzHbf2d0,512.0,98,64,False,False,True,True,,
eRre5KS9XtcwR1AOBF5FY475B5Fak7NNFMm6jDbZEqPYlBC-nkhDtXU3R78vJZFmBWMGr9ViAXrx9g,844f523b-88a5-3999-ac6e-4fefe349874c,RANKED_TFT,CHALLENGER,I,nThlCDWduzX2oO87TXmoLB1yd3XWA2NVicL4hGy3Lsf2AHsqr5aCt5CVYA,510.0,82,55,False,False,True,True,,
eRsXbJZuuzaRIcJ8R7oDnJ3R6vhS-oh5pC7lQDuy1fwgYvQpJhJEisdQLNvhImVPjuKqYCePZutSuw,844f523b-88a5-3999-ac6e-4fefe349874c,RANKED_TFT,CHALLENGER,I,NvalKMCdSl9S-PXLK8cobpspPtOhMMv5cNllNdNCrXkyKWh2IHd4BMVRYA,509.0,142,99,False,False,True,True,,
sGKHeRz8_8l9Y0sofAH5HclNzE3ycK_W3gNS5_3fVqSOppA7uR9SEiFCq3lqn6hlFAWh9SCy12-74w,844f523b-88a5-3999-ac6e-4fefe349874c,RANKED_TFT,CHALLENGER,I,HMDq-elosybg0hzImrTR-GJnTTlN1H6NrUGI47kPlhd1VNyrw9qTPcrV4Q,509.0,139,109,False,False,True,False,,
86dy6R_TmxGO45aCFmyDjWGfaG4OKgesB8PE9A8P-P6I_jjVu8nod0FfAjGEBiO_ALgUWxeBAZ_YoQ,844f523b-88a5-3999-ac6e-4fefe349874c,RANKED_TFT,CHALLENGER,I,q0c06doADabhLSsubgH6Enn_vH_yab_Yz09apbqfeqiNbOsvEx6CLwZuTQ,508.0,167,123,False,False,True,False,,
mELUedJHjlRlbM5fxW-epfqLn6b-UiQIY0PyRBl000fYvJI2jFBE6ocL6OqaAkHWVoZ6TLFIyF0s5w,844f523b-88a5-3999-ac6e-4fefe349874c,RANKED_TFT,CHALLENGER,I,FzuMiJEHrc3HcOtwEz9V19qhYvwWkiyukZa2HipQrMZOkI0IbqO1wzVerg,506.0,109,76,False,False,True,False,,
1GhT5SYIG6hGWYzOjFJI7K-7hba6uEeBn_8Qn7tgHi4qbB_kuIlCDxl5h6rKfH1iJcqmPU2F921qKg,844f523b-88a5-3999-ac6e-4fefe349874c,RANKED_TFT,CHALLENGER,I,aadhtQfEa7Uw6hZgnsDGp4-3nIytCnEv2lk9kKj3EUqiCHg,505.0,196,173,False,False,True,False,,
jmrBONy1c1so_DHLUV8NrRM7nVV0UGCR0k7IiC2_0G9bs3J_UOPJSh71TNqPKehlNJbb588zdiNW5A,844f523b-88a5-3999-ac6e-4fefe349874c,RANKED_TFT,CHALLENGER,I,lO73n0STmzgV8gvq2Rl3us7tVPjOwO46sNKB4lmp1meAjRQ,505.0,130,102,False,False,True,False,,
wJ4t5pLnOnYegHvq8smLqecKWT3jmL1Nhx0zxzUf6g06Ah3IvLYCwSYZx8WnWLreZqCmlwRs_s_ZyA,844f523b-88a5-3999-ac6e-4fefe349874c,RANKED_TFT,CHALLENGER,I,C31hmMsR0xXYmUbTWCkhZzp-k6CKlqHvWJwPNzSzhLZcaNlAO9BonpuA3w,505.0,121,94,False,False,True,False,,
fS1K2EsPVvYnUzNN_zA-KXyPHMl84Nv4FTR89RHWn9So6Qd50_Sv6v1P3M0Fn7CfJiE7yVklk91EbQ,844f523b-88a5-3999-ac6e-4fefe349874c,RANKED_TFT,CHALLENGER,I,slBOYeYsYfbRBljG05slzTU4Drytrjmyj3XJH8wgQxeRx8g,503.0,152,148,False,False,True,False,,
Iv5-gfQMnlAgmG-unnLLiFGyIZ7msAEB2dI4HNiQRVLkfm8mAeEUT9CGe4HRIQM_UWP-2klzbUmwZw,844f523b-88a5-3999-ac6e-4fefe349874c,RANKED_TFT,CHALLENGER,I,NVeKG-Ap7Zp9lvxAmnmnaFDir0HjCEKsfzCf27b0rATCQfA,503.0,118,90,False,False,True,False,,
ZboLwS6790Z1dICl_IlGQBdV4sS6wXZ4w2G-Hfruggls_3Yb9NUnaJCM5660ssrchNMlofbm11YDSw,844f523b-88a5-3999-ac6e-4fefe349874c,RANKED_TFT,CHALLENGER,I,4zHUZfXNZ_iYcQQTvViHwsoKJAvt4kQNLaCzp-Tl_C6xCUI,503.0,102,71,False,False,True,True,,
65xNN33_DPiq4IzztTEzJ9Z7JTNqGCcs7-NoPKRAiJctp8fWS8Vr-yx5mJKjLuuF67W4Mj9kG5rJTA,844f523b-88a5-3999-ac6e-4fefe349874c,RANKED_TFT,CHALLENGER,I,TAyuVzHCAEiFLG6onoJRpeNMdr1_nBur_37qkaxkDOUjgw,503.0,90,56,False,False,True,False,,
65xNN33_DPiq4IzztTEzJ9Z7JTNqGCcs7-NoPKRAiJctp8fWS8Vr-yx5mJKjLuuF67W4Mj9kG5rJTA,674a9848-b9b9-4cca-80d4-0908d99d12e9,RANKED_TFT_DOUBLE_UP,PLATINUM,II,3766271,10.0,12,0,False,False,True,True,,
eFMsUH51FPMxf8qJbQtOty17k1XopnDBGMBgwZgTlQTYLy_ES0cCk6ArgALVAyY_bRX9DPsH7_s59g,844f523b-88a5-3999-ac6e-4fefe349874c,RANKED_TFT,CHALLENGER,I,0nIooB94gmpXJbXvRvhx-3r3C4Gx5u5Tkf6P_fCoq93csHts,501.0,131,86,False,False,True,False,,
XcYaf1QzR6ACP_Z2k4Idgx5_xAVSI_4HNfgwBfxq4LnSpLt5rBIhI6aLGlNWRncbpZWcQ6RS7eSBWA,844f523b-88a5-3999-ac6e-4fefe349874c,RANKED_TFT,CHALLENGER,I,71oRxezMdByKmM6BTjPIbHPxKB54SmQesbPHagJyU3B85iE,501.0,131,87,False,False,True,False,,
WBU3iMLvLU7TYItTfENcDnLBrA9IPdwegXxTreremDKH-oV2HpXj9765HxpxKeCmv-p1Zx9yW1IPPw,844f523b-88a5-3999-ac6e-4fefe349874c,RANKED_TFT,CHALLENGER,I,Y_s9tzyMywVpUi5bU5XreHmllkUNdF0sBWpWayD9n5DE1LU,525.0,155,110,False,False,True,False,,
